{
	"cards": [
		{
			"refNumber": 321,
			"cardNumber": 123,
			"cardType": "New or Renewal",
			"cardHolder": "Jezze Jayson M. Cuevas",
			"addressStreet": "33D J.Basa",
			"addressBrgy": "Pedro Cruz",
			"addressCity": "San Juan",
			"emailAddress": "cmjjezze@gmail.com",
			"cardExpiration": 12321312,
			"cardAnniversary": 12321321
		},
		{
			"refNumber": 322,
			"cardNumber": "asdas",
			"cardType": "asdsa",
			"cardHolder": "asdsa",
			"addressStreet": "asdsa",
			"addressBrgy": "sadsa",
			"addressCity": "dsa",
			"emailAddress": "dasd",
			"cardExpiration": null,
			"cardAnniversary": null
		}
	]
}