{
	"cards": [
		{
			"refNumber": 1,
			"cardNumber": "2012",
			"cardType": "New",
			"cardHolder": "Jezze Jayson M. Cuevas",
			"addressStreet": "33D J.Basa",
			"addressBrgy": "Pedro Cruz",
			"addressCity": "San Juan",
			"emailAddress": "cmjjezze@gmail.com",
			"cardExpiration": "2018-11-29",
			"cardAnniversary": "2018-11-30",
			"cardStatus": "For Delivery",
			"courierName": "IVE",
			"courierAttempt": "First",
			"courierRemarks": "try lang"
		},
		{
			"refNumber": 2,
			"cardNumber": "asdas",
			"cardType": "New",
			"cardHolder": "mia",
			"addressStreet": "asd",
			"addressBrgy": null,
			"addressCity": "asda",
			"emailAddress": null,
			"cardExpiration": null,
			"cardAnniversary": null,
			"cardStatus": "For Delivery",
			"courierName": "PRC",
			"courierAttempt": "Second",
			"courierRemarks": "asdasdsa"
		},
		{
			"refNumber": 5,
			"cardNumber": "121312",
			"cardType": "New",
			"cardHolder": "Rain",
			"addressStreet": "aasda",
			"addressBrgy": null,
			"addressCity": null,
			"emailAddress": null,
			"cardExpiration": null,
			"cardAnniversary": null,
			"cardStatus": "For Delivery",
			"courierName": "LBC",
			"courierAttempt": null,
			"courierRemarks": null
		},
		{
			"refNumber": 6,
			"cardNumber": "12312",
			"cardType": "New",
			"cardHolder": "bowww",
			"addressStreet": "asdas",
			"addressBrgy": null,
			"addressCity": null,
			"emailAddress": null,
			"cardExpiration": null,
			"cardAnniversary": null,
			"cardStatus": "For Delivery",
			"courierName": "PRC",
			"courierAttempt": null,
			"courierRemarks": null
		},
		{
			"refNumber": 7,
			"cardNumber": "12312",
			"cardType": null,
			"cardHolder": "jonell",
			"addressStreet": "adsa",
			"addressBrgy": null,
			"addressCity": null,
			"emailAddress": null,
			"cardExpiration": null,
			"cardAnniversary": null,
			"cardStatus": "For Delivery",
			"courierName": "SFS",
			"courierAttempt": null,
			"courierRemarks": null
		},
		{
			"refNumber": 8,
			"cardNumber": null,
			"cardType": null,
			"cardHolder": null,
			"addressStreet": null,
			"addressBrgy": null,
			"addressCity": null,
			"emailAddress": null,
			"cardExpiration": null,
			"cardAnniversary": null,
			"cardStatus": null,
			"courierName": null,
			"courierAttempt": null,
			"courierRemarks": null
		}
	]
}