{
	"cards": [
		{
			"refNumber": 1,
			"cardNumber": "12321321",
			"cardType": "New",
			"cardHolder": "Jezze Jayson M. Cuevas",
			"addressStreet": "33D  J.Basa",
			"addressBrgy": "Pedro Cruz",
			"addressCity": "San Juan",
			"emailAddress": "cmjjezze@gmail.com",
			"cardExpiration": "tomorrow",
			"cardAnniversary": "yiiieeeh"
		},
		{
			"refNumber": 2,
			"cardNumber": "12321",
			"cardType": "Renewal",
			"cardHolder": "asdsadsadas",
			"addressStreet": "dsadas",
			"addressBrgy": "dasdas",
			"addressCity": "sda",
			"emailAddress": "adsdsaads",
			"cardExpiration": "dsaas",
			"cardAnniversary": "dasd"
		},
		{
			"refNumber": 3,
			"cardNumber": "asdsa",
			"cardType": "dsadsa",
			"cardHolder": "sadsa",
			"addressStreet": "dasdsa",
			"addressBrgy": "dsadsa",
			"addressCity": "wqeqw",
			"emailAddress": "dasdsa",
			"cardExpiration": "dasdas",
			"cardAnniversary": "dsadsa"
		}
	]
}