{
	"cards": [
		{
			"refNumber": 2,
			"cardNumber": "2012",
			"cardType": "New",
			"cardHolder": "Jezze Jayson M. Cuevas",
			"addressStreet": "33D J.Basa",
			"addressBrgy": "Pedro Cruz",
			"addressCity": "San Juan",
			"emailAddress": "cmjjezze@gmail.com",
			"cardExpiration": "2018-11-16",
			"cardAnniversary": "2018-11-22",
			"cardStatus": "For Delivering",
			"courierAttempt": "First"
		},
		{
			"refNumber": 2,
			"cardNumber": "2012",
			"cardType": "New",
			"cardHolder": "Jezze Jayson M. Cuevas",
			"addressStreet": "33D J.Basa",
			"addressBrgy": "Pedro Cruz",
			"addressCity": "Makati",
			"emailAddress": "cmjjezze@gmail.com",
			"cardExpiration": "2018-11-16",
			"cardAnniversary": "2018-11-22",
			"cardStatus": "For Delivering",
			"courierAttempt": "First"
		},
		{
			"refNumber": 3,
			"cardNumber": "2012",
			"cardType": "New",
			"cardHolder": "Jezze Jayson M. Cuevas",
			"addressStreet": "33D J.Basa",
			"addressBrgy": "Pedro Cruz",
			"addressCity": "San Juan",
			"emailAddress": "cmjjezze@gmail.com",
			"cardExpiration": "2018-12-01",
			"cardAnniversary": "2018-11-29",
			"cardStatus": "For Delivering",
			"courierName": "LBC",
			"courierAttempt": null,
			"courierRemarks": null
		}
	]
}