{
	"cards": [
		{
			"refNumber": 1,
			"cardNumber": "12321321",
			"cardType": "New",
			"cardHolder": "Jezze Jayson M. Cuevas",
			"addressStreet": "33D  J.Basa",
			"addressBrgy": "Pedro Cruz",
			"addressCity": "San Juan",
			"emailAddress": "cmjjezze@gmail.com",
			"cardExpiration": "tomorrow",
			"cardAnniversary": "yiiieeeh"
		},
		{
			"refNumber": 2,
			"cardNumber": "asd",
			"cardType": "New",
			"cardHolder": "asd",
			"addressStreet": "das",
			"addressBrgy": "qwe",
			"addressCity": null,
			"emailAddress": null,
			"cardExpiration": null,
			"cardAnniversary": null
		}
	]
}